city,state,url
Ciudad del Carmen,Aguascalientes,https://www.ubereats.com/mx-en/city/ciudad-del-carmen-cm
Escárcega,Aguascalientes,https://www.ubereats.com/mx-en/city/escárcega-cm
Hecelchakán,Aguascalientes,https://www.ubereats.com/mx-en/city/hecelchakán-cm
Palizada,Aguascalientes,https://www.ubereats.com/mx-en/city/palizada-cm
San Francisco de Campeche,Aguascalientes,https://www.ubereats.com/mx-en/city/san-francisco-de-campeche-cm
Santo Domingo Kesté,Aguascalientes,https://www.ubereats.com/mx-en/city/santo-domingo-kesté-cm
Ciudad del Carmen,Baja California,https://www.ubereats.com/mx-en/city/ciudad-del-carmen-cm
Escárcega,Baja California,https://www.ubereats.com/mx-en/city/escárcega-cm
Hecelchakán,Baja California,https://www.ubereats.com/mx-en/city/hecelchakán-cm
Palizada,Baja California,https://www.ubereats.com/mx-en/city/palizada-cm
San Francisco de Campeche,Baja California,https://www.ubereats.com/mx-en/city/san-francisco-de-campeche-cm
Santo Domingo Kesté,Baja California,https://www.ubereats.com/mx-en/city/santo-domingo-kesté-cm
Ciudad del Carmen,Baja California Sur,https://www.ubereats.com/mx-en/city/ciudad-del-carmen-cm
Escárcega,Baja California Sur,https://www.ubereats.com/mx-en/city/escárcega-cm
Hecelchakán,Baja California Sur,https://www.ubereats.com/mx-en/city/hecelchakán-cm
Palizada,Baja California Sur,https://www.ubereats.com/mx-en/city/palizada-cm
San Francisco de Campeche,Baja California Sur,https://www.ubereats.com/mx-en/city/san-francisco-de-campeche-cm
Santo Domingo Kesté,Baja California Sur,https://www.ubereats.com/mx-en/city/santo-domingo-kesté-cm
Ciudad del Carmen,Campeche,https://www.ubereats.com/mx-en/city/ciudad-del-carmen-cm
Escárcega,Campeche,https://www.ubereats.com/mx-en/city/escárcega-cm
Hecelchakán,Campeche,https://www.ubereats.com/mx-en/city/hecelchakán-cm
Palizada,Campeche,https://www.ubereats.com/mx-en/city/palizada-cm
San Francisco de Campeche,Campeche,https://www.ubereats.com/mx-en/city/san-francisco-de-campeche-cm
Santo Domingo Kesté,Campeche,https://www.ubereats.com/mx-en/city/santo-domingo-kesté-cm
